{"recipes": [
    {
        "name": "Pasta",
        "ingredients": [],
        "steps": []
    },
    {
        "name": "Steak",
        "ingredients": [],
        "steps": []
    },
    {
        "name": "BLT",
        "ingredients": [],
        "steps": []
    },
    {
        "name": "Eggs",
        "ingredients": [],
        "steps": []
    },
    {
        "name": "asd",
        "ingredients": ["asd"],
        "steps": ["asd"]
    },
    {
        "name": "asd",
        "ingredients": ["asd"],
        "steps": ["asd"]
    }
]}